# Euler-Bernoulli beam theory: w(x) = F x^2 (3L - x) / (6 E I), cantilever 200 x 10 x 10 mm, F = 500 N, E = 210 GPa
# along the axis line y = 5 mm, z = 5 mm; deflection in z (negative = down), units N-mm
x [mm],y [mm],z [mm],DISP_z [mm]
0,5,5,-0
5,5,5,-0.00708333
10,5,5,-0.0280952
15,5,5,-0.0626786
20,5,5,-0.110476
25,5,5,-0.171131
30,5,5,-0.244286
35,5,5,-0.329583
40,5,5,-0.426667
45,5,5,-0.535179
50,5,5,-0.654762
55,5,5,-0.78506
60,5,5,-0.925714
65,5,5,-1.07637
70,5,5,-1.23667
75,5,5,-1.40625
80,5,5,-1.58476
85,5,5,-1.77185
90,5,5,-1.96714
95,5,5,-2.1703
100,5,5,-2.38095
105,5,5,-2.59875
110,5,5,-2.82333
115,5,5,-3.05435
120,5,5,-3.29143
125,5,5,-3.53423
130,5,5,-3.78238
135,5,5,-4.03554
140,5,5,-4.29333
145,5,5,-4.55542
150,5,5,-4.82143
155,5,5,-5.09101
160,5,5,-5.36381
165,5,5,-5.63946
170,5,5,-5.91762
175,5,5,-6.19792
180,5,5,-6.48
185,5,5,-6.76351
190,5,5,-7.0481
195,5,5,-7.33339
200,5,5,-7.61905
