# Ghia, Ghia & Shin (1982), J. Comput. Phys. 48:387-411, Table I: u-velocity along the vertical centreline of the
# lid-driven cavity at Re = 100, scaled to the OpenFOAM cavity tutorial (side 0.1 m, lid 1 m/s, centre plane z = 0.005 m)
x [m],y [m],z [m],Ux [m/s]
0.05,0.10000,0.005,1.00000
0.05,0.09766,0.005,0.84123
0.05,0.09688,0.005,0.78871
0.05,0.09609,0.005,0.73722
0.05,0.09531,0.005,0.68717
0.05,0.08516,0.005,0.23151
0.05,0.07344,0.005,0.00332
0.05,0.06172,0.005,-0.13641
0.05,0.05000,0.005,-0.20581
0.05,0.04531,0.005,-0.21090
0.05,0.02813,0.005,-0.15662
0.05,0.01719,0.005,-0.10150
0.05,0.01016,0.005,-0.06434
0.05,0.00703,0.005,-0.04775
0.05,0.00625,0.005,-0.04192
0.05,0.00547,0.005,-0.03717
0.05,0.00000,0.005,0.00000
